[
  {
    "id": "640f92e1dc138",
    "name": "Client Main Menu - WHMCS Defaults",
    "rule": "client",
    "status": "active",
    "type": "main",
    "items": [
      {
        "id": "4a94ce54630e",
        "icon": "fas fa-home",
        "name": "clientareatitle",
        "page": "14",
        "rule": "all",
        "type": "whmcs",
        "title": "Client Area",
        "layout": "text",
        "target": "_self",
        "children": [],
        "nameType": "variable",
        "position": "unset",
        "customLink": "#",
        "customClass": "",
        "isPublished": "true",
        "showIconTopMenu": "false",
        "showIconSidebarMenu": "false"
      },
      {
        "id": "640f9402ad008",
        "isPublished": "true",
        "type": "custom",
        "customLink": "#",
        "page": "14",
        "nameType": "variable",
        "name": "navservices",
        "title": "Services",
        "icon": "fas fa-database",
        "showIconTopMenu": "false",
        "showIconSidebarMenu": "true",
        "rule": "all",
        "layout": "text",
        "customClass": "",
        "target": "_self",
        "position": "unset",
        "children": [
          {
            "id": "640f93985871f",
            "isPublished": "true",
            "type": "whmcs",
            "customLink": "#",
            "page": "35",
            "nameType": "variable",
            "name": "clientareanavservices",
            "title": "My Services",
            "icon": "",
            "showIconTopMenu": "false",
            "showIconSidebarMenu": "false",
            "rule": "all",
            "layout": "text",
            "customClass": "",
            "target": "_self",
            "position": "unset",
            "children": []
          },
          {
            "id": "645a6ffe9bd09",
            "isPublished": "true",
            "type": "divider",
            "customLink": "#",
            "page": "35",
            "nameType": "variable",
            "name": "clientareanavservices",
            "title": "Divider",
            "icon": "",
            "showIconTopMenu": "false",
            "showIconSidebarMenu": "false",
            "rule": "all",
            "layout": "text",
            "customClass": "",
            "target": "_self",
            "position": "unset",
            "children": []
          },
          {
            "id": "6453fdec8eb6e",
            "isPublished": "true",
            "type": "whmcs",
            "customLink": "#",
            "page": "31",
            "nameType": "variable",
            "name": "navservicesorder",
            "title": "Order New Services",
            "icon": "",
            "showIconTopMenu": "false",
            "showIconSidebarMenu": "false",
            "rule": "all",
            "layout": "text",
            "customClass": "",
            "target": "_self",
            "position": "unset",
            "children": []
          },
          {
            "id": "6453feed16723",
            "isPublished": "true",
            "type": "whmcs",
            "customLink": "#",
            "page": "7",
            "nameType": "variable",
            "name": "clientareaviewaddons",
            "title": "View Available Addons",
            "icon": "",
            "showIconTopMenu": "false",
            "showIconSidebarMenu": "false",
            "rule": "all",
            "layout": "text",
            "customClass": "",
            "target": "_self",
            "position": "unset",
            "children": []
          }
        ]
      },
      {
        "id": "6411f2a853c0b",
        "isPublished": "true",
        "type": "custom",
        "customLink": "#",
        "page": "15",
        "nameType": "variable",
        "name": "navdomains",
        "title": "Domains",
        "icon": "fas fa-globe",
        "showIconTopMenu": "false",
        "showIconSidebarMenu": "true",
        "rule": "all",
        "layout": "text",
        "customClass": "",
        "target": "_self",
        "position": "unset",
        "children": [
          {
            "id": "6411f28b75e9a",
            "isPublished": "true",
            "type": "whmcs",
            "customLink": "#",
            "page": "19",
            "nameType": "variable",
            "name": "navdomains",
            "title": "My Domains",
            "icon": "",
            "showIconTopMenu": "false",
            "showIconSidebarMenu": "false",
            "rule": "all",
            "layout": "text",
            "customClass": "",
            "target": "_self",
            "position": "unset",
            "children": []
          },
          {
            "id": "645a70966a5b5",
            "isPublished": "true",
            "type": "divider",
            "customLink": "#",
            "page": "35",
            "nameType": "variable",
            "name": "clientareanavservices",
            "title": "Divider",
            "icon": "",
            "showIconTopMenu": "false",
            "showIconSidebarMenu": "false",
            "rule": "all",
            "layout": "text",
            "customClass": "",
            "target": "_self",
            "position": "unset",
            "children": []
          },
          {
            "id": "6453fff74b2ff",
            "isPublished": "true",
            "type": "whmcs",
            "customLink": "#",
            "page": "17",
            "nameType": "variable",
            "name": "domainrenewals",
            "title": "Domain Renewals",
            "icon": "",
            "showIconTopMenu": "false",
            "showIconSidebarMenu": "false",
            "rule": "all",
            "layout": "text",
            "customClass": "",
            "target": "_self",
            "position": "unset",
            "children": []
          },
          {
            "id": "6454006a94ff6",
            "isPublished": "true",
            "type": "whmcs",
            "customLink": "#",
            "page": "16",
            "nameType": "variable",
            "name": "navregisterdomain",
            "title": "Register A New Domain",
            "icon": "",
            "showIconTopMenu": "false",
            "showIconSidebarMenu": "false",
            "rule": "all",
            "layout": "text",
            "customClass": "",
            "target": "_self",
            "position": "unset",
            "children": []
          },
          {
            "id": "6454008ef19ea",
            "isPublished": "true",
            "type": "whmcs",
            "customLink": "#",
            "page": "18",
            "nameType": "variable",
            "name": "navtransferdomain",
            "title": "Transfer Domain to us",
            "icon": "",
            "showIconTopMenu": "false",
            "showIconSidebarMenu": "false",
            "rule": "all",
            "layout": "text",
            "customClass": "",
            "target": "_self",
            "position": "unset",
            "children": []
          }
        ]
      },
      {
        "id": "6454015cbe51c",
        "isPublished": "true",
        "type": "custom",
        "customLink": "#",
        "page": "14",
        "nameType": "variable",
        "name": "navWebsiteSecurity",
        "title": "Website & Security",
        "icon": "fas fa-lock",
        "showIconTopMenu": "false",
        "showIconSidebarMenu": "true",
        "rule": "all",
        "layout": "text",
        "customClass": "",
        "target": "_self",
        "position": "unset",
        "children": [
          {
            "id": "645a70cdedff1",
            "isPublished": "true",
            "type": "marketConnect",
            "customLink": "#",
            "page": "35",
            "nameType": "variable",
            "name": "clientareanavservices",
            "title": "Market Connect",
            "icon": "",
            "showIconTopMenu": "false",
            "showIconSidebarMenu": "false",
            "rule": "all",
            "layout": "text",
            "customClass": "",
            "target": "_self",
            "position": "unset",
            "children": []
          },
          {
            "id": "645a70f1ef4d2",
            "isPublished": "true",
            "type": "divider",
            "customLink": "#",
            "page": "35",
            "nameType": "variable",
            "name": "clientareanavservices",
            "title": "Divider",
            "icon": "",
            "showIconTopMenu": "false",
            "showIconSidebarMenu": "false",
            "rule": "all",
            "layout": "text",
            "customClass": "",
            "target": "_self",
            "position": "unset",
            "children": []
          },
          {
            "id": "645401a87fc22",
            "isPublished": "true",
            "type": "whmcs",
            "customLink": "#",
            "page": "28",
            "nameType": "variable",
            "name": "navManageSsl",
            "title": "Manage SSl Certificates",
            "icon": "",
            "showIconTopMenu": "false",
            "showIconSidebarMenu": "false",
            "rule": "all",
            "layout": "text",
            "customClass": "",
            "target": "_self",
            "position": "unset",
            "children": []
          }
        ]
      },
      {
        "id": "6454021ecc881",
        "isPublished": "true",
        "type": "custom",
        "customLink": "#",
        "page": "14",
        "nameType": "variable",
        "name": "navbilling",
        "title": "Billing",
        "icon": "fas fa-money-bill",
        "showIconTopMenu": "false",
        "showIconSidebarMenu": "true",
        "rule": "all",
        "layout": "text",
        "customClass": "",
        "target": "_self",
        "position": "unset",
        "children": [
          {
            "id": "6454022f655bc",
            "isPublished": "true",
            "type": "whmcs",
            "customLink": "#",
            "page": "24",
            "nameType": "variable",
            "name": "invoices",
            "title": "My Invoices",
            "icon": "",
            "showIconTopMenu": "false",
            "showIconSidebarMenu": "false",
            "rule": "all",
            "layout": "text",
            "customClass": "",
            "target": "_self",
            "position": "unset",
            "children": []
          },
          {
            "id": "645402942a57b",
            "isPublished": "true",
            "type": "whmcs",
            "customLink": "#",
            "page": "32",
            "nameType": "variable",
            "name": "quotestitle",
            "title": "My Quotes",
            "icon": "",
            "showIconTopMenu": "false",
            "showIconSidebarMenu": "false",
            "rule": "all",
            "layout": "text",
            "customClass": "",
            "target": "_self",
            "position": "unset",
            "children": []
          },
          {
            "id": "645a7120ad98d",
            "isPublished": "true",
            "type": "divider",
            "customLink": "#",
            "page": "35",
            "nameType": "variable",
            "name": "clientareanavservices",
            "title": "Divider",
            "icon": "",
            "showIconTopMenu": "false",
            "showIconSidebarMenu": "false",
            "rule": "all",
            "layout": "text",
            "customClass": "",
            "target": "_self",
            "position": "unset",
            "children": []
          },
          {
            "id": "645402fccd798",
            "isPublished": "true",
            "type": "whmcs",
            "customLink": "#",
            "page": "29",
            "nameType": "variable",
            "name": "masspaytitle",
            "title": "Mass Payment",
            "icon": "",
            "showIconTopMenu": "false",
            "showIconSidebarMenu": "false",
            "rule": "all",
            "layout": "text",
            "customClass": "",
            "target": "_self",
            "position": "unset",
            "children": []
          },
          {
            "id": "64540359f2eb9",
            "isPublished": "true",
            "type": "whmcs",
            "customLink": "#",
            "page": "3",
            "nameType": "variable",
            "name": "paymentMethods.title",
            "title": "Payment Method",
            "icon": "",
            "showIconTopMenu": "false",
            "showIconSidebarMenu": "false",
            "rule": "all",
            "layout": "text",
            "customClass": "",
            "target": "_self",
            "position": "unset",
            "children": []
          },
          {
            "id": "645403852127a",
            "isPublished": "true",
            "type": "whmcs",
            "customLink": "#",
            "page": "6",
            "nameType": "variable",
            "name": "addfunds",
            "title": "Add Funds",
            "icon": "",
            "showIconTopMenu": "false",
            "showIconSidebarMenu": "false",
            "rule": "all",
            "layout": "text",
            "customClass": "",
            "target": "_self",
            "position": "unset",
            "children": []
          }
        ]
      },
      {
        "id": "645403e32f800",
        "isPublished": "true",
        "type": "custom",
        "customLink": "#",
        "page": "14",
        "nameType": "variable",
        "name": "navsupport",
        "title": "Support",
        "icon": "fas fa-tags",
        "showIconTopMenu": "false",
        "showIconSidebarMenu": "true",
        "rule": "all",
        "layout": "text",
        "customClass": "",
        "target": "_self",
        "position": "unset",
        "children": [
          {
            "id": "64540423be07b",
            "isPublished": "true",
            "type": "whmcs",
            "customLink": "#",
            "page": "38",
            "nameType": "variable",
            "name": "navtickets",
            "title": "Tickets",
            "icon": "",
            "showIconTopMenu": "false",
            "showIconSidebarMenu": "false",
            "rule": "all",
            "layout": "text",
            "customClass": "",
            "target": "_self",
            "position": "unset",
            "children": []
          },
          {
            "id": "64540495c1464",
            "isPublished": "true",
            "type": "whmcs",
            "customLink": "#",
            "page": "10",
            "nameType": "variable",
            "name": "announcementstitle",
            "title": "Announcements",
            "icon": "",
            "showIconTopMenu": "false",
            "showIconSidebarMenu": "false",
            "rule": "all",
            "layout": "text",
            "customClass": "",
            "target": "_self",
            "position": "unset",
            "children": []
          },
          {
            "id": "645404dbb2fb9",
            "isPublished": "true",
            "type": "whmcs",
            "customLink": "#",
            "page": "25",
            "nameType": "variable",
            "name": "knowledgebasetitle",
            "title": "Knowledgebase",
            "icon": "",
            "showIconTopMenu": "false",
            "showIconSidebarMenu": "false",
            "rule": "all",
            "layout": "text",
            "customClass": "",
            "target": "_self",
            "position": "unset",
            "children": []
          },
          {
            "id": "6454054748014",
            "isPublished": "true",
            "type": "whmcs",
            "customLink": "#",
            "page": "20",
            "nameType": "variable",
            "name": "downloadstitle",
            "title": "Downloads",
            "icon": "",
            "showIconTopMenu": "false",
            "showIconSidebarMenu": "false",
            "rule": "all",
            "layout": "text",
            "customClass": "",
            "target": "_self",
            "position": "unset",
            "children": []
          },
          {
            "id": "645405873b1f0",
            "isPublished": "true",
            "type": "whmcs",
            "customLink": "#",
            "page": "34",
            "nameType": "variable",
            "name": "networkstatustitle",
            "title": "Network Status",
            "icon": "",
            "showIconTopMenu": "false",
            "showIconSidebarMenu": "false",
            "rule": "all",
            "layout": "text",
            "customClass": "",
            "target": "_self",
            "position": "unset",
            "children": []
          },
          {
            "id": "64540618157b8",
            "isPublished": "true",
            "type": "whmcs",
            "customLink": "#",
            "page": "37",
            "nameType": "variable",
            "name": "navopenticket",
            "title": "Open Ticket",
            "icon": "",
            "showIconTopMenu": "false",
            "showIconSidebarMenu": "false",
            "rule": "all",
            "layout": "text",
            "customClass": "",
            "target": "_self",
            "position": "unset",
            "children": []
          }
        ]
      },
      {
        "id": "6454066c476c5",
        "isPublished": "true",
        "type": "whmcs",
        "customLink": "#",
        "page": "8",
        "nameType": "variable",
        "name": "affiliatestitle",
        "title": "Affiliates",
        "icon": "fas fa-file-invoice",
        "showIconTopMenu": "false",
        "showIconSidebarMenu": "true",
        "rule": "all",
        "layout": "text",
        "customClass": "",
        "target": "_self",
        "position": "unset",
        "children": []
      }
    ]
  },
  {
    "id": "64540dd31a59a",
    "name": "Guest Main Menu - WHMCS Defaults",
    "rule": "guest",
    "status": "active",
    "type": "main",
    "items": [
      {
        "id": "64540dc063d28",
        "isPublished": "true",
        "type": "whmcs",
        "customLink": "#",
        "page": "23",
        "nameType": "variable",
        "name": "clientareanavhome",
        "title": "Home",
        "icon": "fas fa-home",
        "showIconTopMenu": "false",
        "showIconSidebarMenu": "true",
        "rule": "all",
        "layout": "text",
        "customClass": "",
        "target": "_self",
        "position": "unset",
        "children": []
      },
      {
        "id": "64540db0d5825",
        "isPublished": "true",
        "type": "custom",
        "customLink": "#",
        "page": "23",
        "nameType": "variable",
        "name": "navStore",
        "title": "Store",
        "icon": "fas fa-cubes",
        "showIconTopMenu": "false",
        "showIconSidebarMenu": "true",
        "rule": "all",
        "layout": "text",
        "customClass": "",
        "target": "_self",
        "position": "unset",
        "children": [
          {
            "id": "64540da311bb0",
            "isPublished": "true",
            "type": "whmcs",
            "customLink": "#",
            "page": "31",
            "nameType": "variable",
            "name": "navBrowseProductsServices",
            "title": "Browse All",
            "icon": "",
            "showIconTopMenu": "false",
            "showIconSidebarMenu": "false",
            "rule": "all",
            "layout": "text",
            "customClass": "",
            "target": "_self",
            "position": "unset",
            "children": []
          },
          {
            "id": "645a73f565309",
            "isPublished": "true",
            "type": "divider",
            "customLink": "#",
            "page": "35",
            "nameType": "variable",
            "name": "clientareanavservices",
            "title": "Divider",
            "icon": "",
            "showIconTopMenu": "false",
            "showIconSidebarMenu": "false",
            "rule": "all",
            "layout": "text",
            "customClass": "",
            "target": "_self",
            "position": "unset",
            "children": []
          },
          {
            "id": "645a743011609",
            "isPublished": "true",
            "type": "productGroups",
            "customLink": "#",
            "page": "35",
            "nameType": "variable",
            "name": "clientareanavservices",
            "title": "Product Groups",
            "icon": "",
            "showIconTopMenu": "false",
            "showIconSidebarMenu": "false",
            "rule": "all",
            "layout": "text",
            "customClass": "",
            "target": "_self",
            "position": "unset",
            "children": []
          },
          {
            "id": "645a7449cd06a",
            "isPublished": "true",
            "type": "marketConnect",
            "customLink": "#",
            "page": "35",
            "nameType": "variable",
            "name": "clientareanavservices",
            "title": "Market Connect",
            "icon": "",
            "showIconTopMenu": "false",
            "showIconSidebarMenu": "false",
            "rule": "all",
            "layout": "text",
            "customClass": "",
            "target": "_self",
            "position": "unset",
            "children": []
          },
          {
            "id": "645a748840692",
            "isPublished": "true",
            "type": "divider",
            "customLink": "#",
            "page": "35",
            "nameType": "variable",
            "name": "clientareanavservices",
            "title": "Divider",
            "icon": "",
            "showIconTopMenu": "false",
            "showIconSidebarMenu": "false",
            "rule": "all",
            "layout": "text",
            "customClass": "",
            "target": "_self",
            "position": "unset",
            "children": []
          },
          {
            "id": "64540e825ef02",
            "isPublished": "true",
            "type": "whmcs",
            "customLink": "#",
            "page": "16",
            "nameType": "variable",
            "name": "navregisterdomain",
            "title": "Register A New Domain",
            "icon": "",
            "showIconTopMenu": "false",
            "showIconSidebarMenu": "false",
            "rule": "all",
            "layout": "text",
            "customClass": "",
            "target": "_self",
            "position": "unset",
            "children": []
          },
          {
            "id": "64540f1709d7a",
            "isPublished": "true",
            "type": "whmcs",
            "customLink": "#",
            "page": "18",
            "nameType": "variable",
            "name": "navtransferdomain",
            "title": "Transfer Domains To Us",
            "icon": "",
            "showIconTopMenu": "false",
            "showIconSidebarMenu": "false",
            "rule": "all",
            "layout": "text",
            "customClass": "",
            "target": "_self",
            "position": "unset",
            "children": []
          }
        ]
      },
      {
        "id": "64540f56885d5",
        "isPublished": "true",
        "type": "whmcs",
        "customLink": "#",
        "page": "10",
        "nameType": "variable",
        "name": "news",
        "title": "News",
        "icon": "fas fa-newspaper",
        "showIconTopMenu": "false",
        "showIconSidebarMenu": "true",
        "rule": "all",
        "layout": "text",
        "customClass": "",
        "target": "_self",
        "position": "unset",
        "children": []
      },
      {
        "id": "64541049c1d76",
        "isPublished": "true",
        "type": "whmcs",
        "customLink": "#",
        "page": "25",
        "nameType": "variable",
        "name": "knowledgebasetitle",
        "title": "Knowledgebase",
        "icon": "fas fa-books",
        "showIconTopMenu": "false",
        "showIconSidebarMenu": "true",
        "rule": "all",
        "layout": "text",
        "customClass": "",
        "target": "_self",
        "position": "unset",
        "children": []
      },
      {
        "id": "6454104052fa8",
        "isPublished": "true",
        "type": "whmcs",
        "customLink": "#",
        "page": "34",
        "nameType": "variable",
        "name": "networkstatustitle",
        "title": "Network Status",
        "icon": "fas fa-globe",
        "showIconTopMenu": "false",
        "showIconSidebarMenu": "true",
        "rule": "all",
        "layout": "text",
        "customClass": "",
        "target": "_self",
        "position": "unset",
        "children": []
      },
      {
        "id": "645410f943f04",
        "isPublished": "true",
        "type": "whmcs",
        "customLink": "#",
        "page": "8",
        "nameType": "variable",
        "name": "affiliatestitle",
        "title": "Affiliates",
        "icon": "fas fa-money-bill",
        "showIconTopMenu": "false",
        "showIconSidebarMenu": "true",
        "rule": "all",
        "layout": "text",
        "customClass": "",
        "target": "_self",
        "position": "unset",
        "children": []
      },
      {
        "id": "6454118001bac",
        "isPublished": "true",
        "type": "whmcs",
        "customLink": "#",
        "page": "13",
        "nameType": "variable",
        "name": "contactus",
        "title": "Contact Us",
        "icon": "fas fa-envelope",
        "showIconTopMenu": "false",
        "showIconSidebarMenu": "true",
        "rule": "all",
        "layout": "text",
        "customClass": "",
        "target": "_self",
        "position": "unset",
        "children": []
      }
    ]
  },
  {
    "id": "640f92f6c44a4",
    "name": "Client Secondary Menu",
    "rule": "client",
    "status": "active",
    "type": "secondary",
    "items": [
      {
        "id": "64dd21e895d7a",
        "isPublished": "true",
        "type": "notification",
        "customLink": "#",
        "page": "15",
        "nameType": "variable",
        "name": "notification",
        "title": "Notification",
        "icon": "fas fa-bell",
        "showIconTopMenu": "true",
        "showIconSidebarMenu": "true",
        "rule": "all",
        "layout": "icon",
        "customClass": "lighter-icon-weight",
        "target": "_self",
        "position": "right",
        "children": []
      },
      {
        "id": "640f931e97477",
        "isPublished": "true",
        "type": "clientAccount",
        "customLink": "#",
        "page": "15",
        "nameType": "variable",
        "name": "myaccount",
        "title": "Client Account",
        "icon": "",
        "showIconTopMenu": "false",
        "showIconSidebarMenu": "false",
        "rule": "all",
        "layout": "button",
        "customClass": "",
        "target": "_self",
        "position": "unset",
        "children": [
          {
            "id": "640f932e5e5d8",
            "isPublished": "true",
            "type": "whmcs",
            "customLink": "#",
            "page": "11",
            "nameType": "variable",
            "name": "clientareanavdetails",
            "title": "Account Details",
            "icon": "",
            "showIconTopMenu": "false",
            "showIconSidebarMenu": "false",
            "rule": "all",
            "layout": "text",
            "customClass": "",
            "target": "_self",
            "position": "unset",
            "children": []
          },
          {
            "id": "645416fa181ca",
            "isPublished": "true",
            "type": "whmcs",
            "customLink": "#",
            "page": "4",
            "nameType": "variable",
            "name": "navUserManagement",
            "title": "User Management",
            "icon": "",
            "showIconTopMenu": "false",
            "showIconSidebarMenu": "false",
            "rule": "all",
            "layout": "text",
            "customClass": "",
            "target": "_self",
            "position": "unset",
            "children": []
          },
          {
            "id": "645417390e517",
            "isPublished": "true",
            "type": "whmcs",
            "customLink": "#",
            "page": "3",
            "nameType": "variable",
            "name": "paymentMethods.title",
            "title": "Payment Methods",
            "icon": "",
            "showIconTopMenu": "false",
            "showIconSidebarMenu": "false",
            "rule": "all",
            "layout": "text",
            "customClass": "",
            "target": "_self",
            "position": "unset",
            "children": []
          },
          {
            "id": "645417d533b5d",
            "isPublished": "true",
            "type": "whmcs",
            "customLink": "#",
            "page": "1",
            "nameType": "variable",
            "name": "navContacts",
            "title": "Contacts",
            "icon": "",
            "showIconTopMenu": "false",
            "showIconSidebarMenu": "false",
            "rule": "all",
            "layout": "text",
            "customClass": "",
            "target": "_self",
            "position": "unset",
            "children": []
          },
          {
            "id": "64541822c5669",
            "isPublished": "true",
            "type": "whmcs",
            "customLink": "#",
            "page": "33",
            "nameType": "variable",
            "name": "navAccountSecurity",
            "title": "Account Security",
            "icon": "",
            "showIconTopMenu": "false",
            "showIconSidebarMenu": "false",
            "rule": "all",
            "layout": "text",
            "customClass": "",
            "target": "_self",
            "position": "unset",
            "children": []
          },
          {
            "id": "645418ba34752",
            "isPublished": "true",
            "type": "whmcs",
            "customLink": "#",
            "page": "22",
            "nameType": "variable",
            "name": "navemailssent",
            "title": "Email History",
            "icon": "",
            "showIconTopMenu": "false",
            "showIconSidebarMenu": "false",
            "rule": "all",
            "layout": "text",
            "customClass": "",
            "target": "_self",
            "position": "unset",
            "children": []
          },
          {
            "id": "645a75d169745",
            "isPublished": "true",
            "type": "divider",
            "customLink": "#",
            "page": "35",
            "nameType": "variable",
            "name": "clientareanavservices",
            "title": "Divider",
            "icon": "",
            "showIconTopMenu": "false",
            "showIconSidebarMenu": "false",
            "rule": "all",
            "layout": "text",
            "customClass": "",
            "target": "_self",
            "position": "unset",
            "children": []
          },
          {
            "id": "645418f5232da",
            "isPublished": "true",
            "type": "whmcs",
            "customLink": "#",
            "page": "40",
            "nameType": "variable",
            "name": "yourProfile",
            "title": "Your Profile",
            "icon": "",
            "showIconTopMenu": "false",
            "showIconSidebarMenu": "false",
            "rule": "all",
            "layout": "text",
            "customClass": "",
            "target": "_self",
            "position": "unset",
            "children": []
          },
          {
            "id": "645419368d33a",
            "isPublished": "true",
            "type": "whmcs",
            "customLink": "#",
            "page": "42",
            "nameType": "variable",
            "name": "navSwitchAccount",
            "title": "Switch Account",
            "icon": "",
            "showIconTopMenu": "false",
            "showIconSidebarMenu": "false",
            "rule": "all",
            "layout": "text",
            "customClass": "",
            "target": "_self",
            "position": "unset",
            "children": []
          },
          {
            "id": "645419368d33a",
            "isPublished": "true",
            "type": "whmcs",
            "customLink": "#",
            "page": "39",
            "nameType": "variable",
            "name": "clientareanavchangepw",
            "title": "Change Password",
            "icon": "",
            "showIconTopMenu": "false",
            "showIconSidebarMenu": "false",
            "rule": "all",
            "layout": "text",
            "customClass": "",
            "target": "_self",
            "position": "unset",
            "children": []
          },
          {
            "id": "64541a2f69195",
            "isPublished": "true",
            "type": "whmcs",
            "customLink": "#",
            "page": "41",
            "nameType": "variable",
            "name": "clientareanavsecurity",
            "title": "Security Settings",
            "icon": "",
            "showIconTopMenu": "false",
            "showIconSidebarMenu": "false",
            "rule": "all",
            "layout": "text",
            "customClass": "",
            "target": "_self",
            "position": "unset",
            "children": []
          },
          {
            "id": "645a75f5bd41e",
            "isPublished": "true",
            "type": "divider",
            "customLink": "#",
            "page": "35",
            "nameType": "variable",
            "name": "clientareanavservices",
            "title": "Divider",
            "icon": "",
            "showIconTopMenu": "false",
            "showIconSidebarMenu": "false",
            "rule": "all",
            "layout": "text",
            "customClass": "",
            "target": "_self",
            "position": "unset",
            "children": []
          },
          {
            "id": "64541aa1a9010",
            "isPublished": "true",
            "type": "whmcs",
            "customLink": "#",
            "page": "27",
            "nameType": "variable",
            "name": "clientareanavlogout",
            "title": "Logout",
            "icon": "",
            "showIconTopMenu": "false",
            "showIconSidebarMenu": "false",
            "rule": "all",
            "layout": "text",
            "customClass": "",
            "target": "_self",
            "position": "unset",
            "children": []
          }
        ]
      }
    ]
  },
  {
    "id": "64541b66883f0",
    "name": "Guest Secondary Menu",
    "rule": "guest",
    "status": "active",
    "type": "secondary",
    "items": [
      {
        "id": "64541bca942f7",
        "isPublished": "true",
        "type": "clientAccount",
        "customLink": "#",
        "page": "15",
        "nameType": "custom",
        "name": "myaccount",
        "title": "Client Account",
        "icon": "fas fa-user",
        "showIconTopMenu": "true",
        "showIconSidebarMenu": "true",
        "rule": "all",
        "layout": "icon",
        "customClass": "lighter-icon-weight",
        "target": "_self",
        "position": "right",
        "children": [
          {
            "id": "64541c0ad3e8b",
            "isPublished": "true",
            "type": "whmcs",
            "customLink": "#",
            "page": "26",
            "nameType": "variable",
            "name": "login",
            "title": "Login",
            "icon": "",
            "showIconTopMenu": "false",
            "showIconSidebarMenu": "false",
            "rule": "all",
            "layout": "text",
            "customClass": "",
            "target": "_self",
            "position": "unset",
            "children": []
          },
          {
            "id": "64541c4139357",
            "isPublished": "true",
            "type": "whmcs",
            "customLink": "#",
            "page": "12",
            "nameType": "variable",
            "name": "register",
            "title": "Register",
            "icon": "",
            "showIconTopMenu": "false",
            "showIconSidebarMenu": "false",
            "rule": "all",
            "layout": "text",
            "customClass": "",
            "target": "_self",
            "position": "unset",
            "children": []
          },
          {
            "id": "645a767a2d0e8\n",
            "isPublished": "true",
            "type": "divider",
            "customLink": "#",
            "page": "35",
            "nameType": "variable",
            "name": "clientareanavservices",
            "title": "Divider",
            "icon": "",
            "showIconTopMenu": "false",
            "showIconSidebarMenu": "false",
            "rule": "all",
            "layout": "text",
            "customClass": "",
            "target": "_self",
            "position": "unset",
            "children": []
          },
          {
            "id": "64541c56d0278",
            "isPublished": "true",
            "type": "whmcs",
            "customLink": "#",
            "page": "30",
            "nameType": "variable",
            "name": "forgotpw",
            "title": "Forget Password?",
            "icon": "",
            "showIconTopMenu": "false",
            "showIconSidebarMenu": "false",
            "rule": "all",
            "layout": "text",
            "customClass": "",
            "target": "_self",
            "position": "unset",
            "children": []
          }
        ]
      },
      {
        "id": "64dd29fb21c75",
        "isPublished": "true",
        "type": "whmcs",
        "customLink": "#",
        "page": "43",
        "nameType": "variable",
        "name": "viewcart",
        "title": "View Cart",
        "icon": "fas fa-shopping-cart",
        "showIconTopMenu": "true",
        "showIconSidebarMenu": "true",
        "rule": "all",
        "layout": "icon",
        "customClass": "lighter-icon-weight",
        "target": "_self",
        "position": "unset",
        "children": []
      }
    ]
  }
]
